0,1,2,3,4,5,6,7,8
0xa33393a3116636e550e410a66ee9f73d6b6f1f85,0xa927f7e8a882fc85ca811b006ed4b97d56e18015,0xf479cfea71ac62180a31f672e7f28f95cd2fbe57,0x971941f766af4ce5003da7242d2ee711170b7994,0x3aa13dc2d4d4c9a1095021e9115d5cbcada0e583,0xf3d4dc3a5d087983a61f27291d92d4d96bdd2c9a,0xedf6672f7e28c4ec235ad959a319ba70de32f1b1,0x3fad584613f9a2a6814e817939abe0ad9827d78c,0x3ab1c30dc44c5aa0c0601440e835ca2ffc0a6e60
0xba2f9e6798a010e4f16a8d5ce33eeda800b2e7d3,0x0e71d3814453809bdc05c48520d93688e49de52c,0x10a5ea30a349af1a9cc1bd9a1a2a093529d91ad6,0xf9c3b56bd579e28a018603b2a52fc405ec85d40a,0xe4378a71fdc7e7172a1648512d554a99b8017bdc,0xde46da9cd424765630295c36174a775c9d365ee2,0x81f18eca966a6093ad0951c324f2b2732e49c430,0x20bfb7b96f6d3857ba340a942062de7878a54cbf,0x6d1770cbf4279db8f7328296ad361a149b2ce934
0x67f01a57d094dc5a2c01f9d9ead56e6f7ca872af,0x9c66174a8f34140a1efa17533fc94e2a01516b7b,0x25756ba69c1cbf4bc18c3bd63faded3e2eaf1fe5,0xd0a65673b1011f42fed566d5aaf0481295d57ae2,0x1f1b8c54052da463e378ad1dc8838f45a7903a20,0x324d2d1ce62761008505291a00bb4fb15bd1399e,0x8bb313bd824237dbe30f84ec31a72e9f48499ba5,0xe694777628f6cf2e758e336776210c9ab88fdff9,0x97be47617a3c47fff01b315c57e520fbd4d238ed
0x3d249e89584f4dc232f4d98e2ba84d485e402586,0x7bf59a9d01066e37797d52189e62f31953d975a5,0x63c13dfb515e61852edb4f8288dfa52251481965,0x2bc5ebf40bed1615f021cfaadb97d8d8d0126d22,0xc3c44bd857256b95581b7c638ff5fd6513445609,0x1a761ab51bfaebf17e51ed65ec56493ccadbcb4a,0x4aa0162d1402a518826a6ba9c40457bdf830db5c,0x79c40712a67034c70a42ac0d56496deefb24f9b3,0xd928403a4ea198141ed42a2fa8f24700a8f32124
0xbf806352f98bd04f81b0527bb9d8e5d0b4577cbf,0x578e04ee33b3c748590651e7e3134efffd010c7b,0x8f070040c6a154a85663305b233eb325d1ffc6fa,0x812e4a7e919c92c71e3f22a9c1f3192d6770d296,0x07d2ba0c85d05b867b158f85edd88e62228e95a4,0x2e8538aa8633980a8eea872129448d51c01d50ec,0x2cb813a26d22bc0efd489df846fc38a4cfe28356,0xa0fe9876368f8971b257f4a151a3acfa45f609a4,0x50fc851d51b081e774e9557b201f1e7226bffb02
0xd063dbca1fa7ead192ccb87f11b4fc36e84559c7,0xb3b327d09f2acadd13498ec6e0fc5b7c9c2faaa4,0x0793c19698608be458a187d856db89ddb16e5b33,0xb74274c28f9013acfcd9612c7285884876bd2849,0xbb2b819125d299db975efbbbaf35f6b1ceac4e60,0xa04690e8c9a4a09b2664249e847bc150dd39a797,0x54e027b140a2756787b58f7fab756355c08a8b5c,0x616bb4e0d64c481c2f207e612fc6b5bd08497c52,0x13e06ad12a98891470b1e7c40320e40d222722c4
0xe29daeb4aeb112b2c4ed32cfb395dd3165937dd9,0xca6b2d72cae04f18f4c3c2c5ef5117e717091368,0x0ab2eebbc82ae1702ae0a0e75887c7e9f4009fdf,0xb8df1a1708398b7125d6f1b2e83c0b425bb4340d,0x6951195549961cdd2dcfaa45a8730b5f039e3429,0x9e9ce05b488d6f6e4069a4b10373f5c75329b941,0x416a9ebecf5c65b1c6fd91acc8d94bc7b4e47bc2,0xd04286a2a67e5f700b40885325c9d2f0774105dc,0x92de088e8ec8b539d000854622d0118ab6a8c313
0x47cbd6f8a42992fa2a2ee73ac3c749cca9c45713,0x84c69af13ba5bbe8c93c02b5098dbf5a896f67db,0x22dc944cec8e555fb8639b01df6ecd567195156a,0xa311c286b3e95a23280573f1b2d52d87288ba20b,0x70b7285558523fd59f7979951fe2c8b5722b7ed0,0x826b43a00988982bc1df4a3d22af3c294b709e59,0x7fea325a298e30a0e30b2dc38c0cbede1d5e76f4,0xe277d3e1bbc36da54d62d67cb4a72cb05953ec19,0xb81f838b982a451801b3000b4eeeaa49b2b0133f
0x9b3dd9c5084c277ec17912e3e2f7201ee0010cc9,0x6ac72cc33c6e95a8eea37527086309f54081440f,0x03465551bfa03c451e7b253a07a340cb8006d275,0xa60a086277a4b6fc006f7e4fb2b311eb3d445d54,0x4767e80af321e4e9763ab56d29e2886be3c92720,0xb5eb0fd08b02888b189dad1c57643477bf346b49,0xc71cb88b3930d4f7385ae7f92c556046ba3685b6,0x38aec7b4334442873f8418c8ff679dd96b4d7f87,0x7f0bee19dc880b775314fc888332083cf94b5422
0x2902a6d2ad6f8ef5133e95ef5ef52b13417f5375,0xb22f95f711338af3abedafa29b1b943dee71441e,0x069086d15063701c2ee3f135dcb379891a245012,0x7e9be48aca34a5fd12208792da6caf378d65a929,0x94da384a9aa7ba7b1fc17e916f92984bb8a8e1c5,0x21b855454df707e76189e35be693887dd67f4582,0x45993dafd6dd7ffe45c8dc1bb24750abfa80cd58,0x1144b04848f94c5cc1447f97f7661deb6b60a135,0x0ce75abfe3e04de10cbae63d70ebdee8bd106416
0xe247f26bea2695bbdbd25a4aabfe149e39b0b2dc,0x0aca74e473bb8ecd461b315a7b4139814eca607a,0x7529e02d9e13ca12de13dbb49c9dcaeacba73b1e,0x3803bd85714a93f559d648870a4b87853254fc4b,0x707704e28158f309fb6a4f08b719eaf702dd1793,0x05c5e227e952c8697b2aa7a9c6d477be5914fc89,0x85a16b8adf7a33442e58317744928150029bef58,0x46d705cd67d706baab1d210b731bb80494a58d2a,0x380bcd93c541b281910ce452f3b585bc981f67c2
0x060611baafb953c7c93606fb4d027b06bc6c2a0a,0x9eb4db1f905416fa8d69cf9dcb93ae51d0be64b8,0x0f2e7d9b7b4f2359673a587846bf2ffb04c4a06c,0x0220a5d7f51755bdcc8cd1dba0fcbe5819c391fc,0x4cf28fe1dc2f76e54175a2e914dc8af76b908a6c,0x2933307d38f6dd3688520a9e8c9f060ce3c4d6e4,0x58ce19a74b144937025b2188d6507ca5db53637a,0x3e0ef0916284e804f34161cd5df39b3a35430954,0x0955cc0a21ada09cef313355c17fcf4f78274a8c
0x5bb4dc6713f5b9a232dbb1987ac5210ec620ae32,0xfdef4ccf04d0a57ae32f7aeac7e37b95daeeceb5,0x8929cef37f276a04e37499a30b3f5e3b4eeae069,0x699e66d6a983c846be34d83dfd932948c5dd464b,0x64930d86cdacf8dd5b3109b6f2f18f9a12306366,0x4e34bf6d90b1d3316aa111ee6dc4872c7ab03e0f,0xafd165bd8ba0d6b81b6df82ad41244359e3f8710,0x0cd58343a8d427a8490f3770dfdc1304ec6bec22,0x2c5d0ad6de6fda6ce4f625635840dc3229087da4
0xa193c4a79731770a26556d626bb3faf90f57aa37,0xe6ca79ad696d61a9757a4dcae9e2393a42aa28d5,0x0c5cb21ffd3b2be5d224dcbb6c2fdb70e6ee67c5,0xc1d9242f2d25256698ab2e9357664aa8d7d09439,0x8d6fe87bc9ca9dd28ac69d0b462895d73ee64845,0x2e7939aa86c971a0674a63fbd9d766febeff7da7,0xae0a788c04526f51770dd934d83284afe6c9a1b8,0x8640cee9c696e942f7441cca3240410d50b6ed0b,0xd269b73710ed2d51888251c1585ec786d95e939a
0x10d085046e5bc8b524ca4c99340320436b59e251,0x0476904c24439a33cb5b52e783c2e7e70d2b09ce,0x7187e4b19df4cc944dadf9398410d3cf0ac72c4f,0x4e65f9011d2d1dcf32ee14038a84cfbbe6852e20,0x7c70eb529bbf819cce7ddb56e20077cb72811b84,0xde89ba71ccc007f8929515142efbca23710c4dc0,0x38a2d2af90ab4b36ea6d15d37b4805c7e4c5fc99,0x4676ec199b281be3eb0b1935707874fc771ce701,0x0e2af7976c03bd767b1d4dbaf245ec8e4597f586
0x4dab111f0590da7da68f5a8225cfbfe2a7e87478,0x9ce55028d188f5b2471bea303eb54da9641ccc8e,0xd6748ef9a467db46f01c182c7b1234965072e030,0x628290f98e3786d8a9242dd06d85ff4e0d30741a,0x7b32a13d8c6c6cbc93cdefe6f92ca14ecd3354db,0xa3ad86b8a27d2674a6b7e1caf4528169b55dfa2a,0xc36760e64883dac8e3e68fbe33ed5a2d13477594,0x2f46e366cce9a1e5c34247f1d35200baeaf00ce9,0x8242e9adfdddaa2286ff24c66c50439caab3035c
0x6364a48b24156610918919256b52dd5d3d6a05c0,0x16698f5224b083292074e30b227b43502d059f73,0xbe73748446811ebc2a4ddddcd55867d013d6136e,0xf364e580a8af3197dce98aa81b3e7d51ec831df1,0x6749589a84a1ec0fc1f47b7e9e204ff3a766342e,0x813e467f89712480c649b3c8c19e811b44791089,0x23cc75eb4c7d6c4d5d3281c8d0b777b6bc0bfddc,0x64baf80c8d1e4d3b90210c538548525382c54dd4,0x2a1ed0911945759b2e8509b90d739fadcdfb7026
0xa6ac00e3f477d863105933aea6836a951b83a5fb,0x13418de53db565cc4c289c9ac817f610451e4bfb,0x610c2bd4b82717fbba73acaca4718e5ecd46920c,0x01e3e184134628c593c5f6f11b2afca6ab843a0b,0x383d7404dea56bb2bf42eaa56b79315056934c53,0xf00d00ccc0adb5441ea67b71525d2f7f6a7f24f4,0xd6f1534f4da70dce723f95a3b3c133cbc11edea8,0xe660adeb650deae038ddd6a569617b9557d0f3f2,0x54ac8bdccecee877f0e91073105267ae13a1cd79
0x2d814150a35b28f054734fc11d05766b7799f954,0x7276b5bd52d8e1ab319194797363bf53cce8c4d3,0xfbab677f2924b280fbe80d01db53f7214c204ae5,0x44a679ebf563a61308ed353c50a4ba34c1b511d1,0x1b745dffa9ff0bdb4a2f5341aa57df8ca9a0b5ab,0x17f33964afa846a576011baa230bdc3e11108b29,0xf7d8ca685d489d38204eb60f9651702a46b2aa04,0x103af6b9f469640d6ee5534afe4c43bb68f06c08,0x1cc5d3258ef304c735a2e7b9d5d532e2318ab04b
0x420ebee93fc4aaea84d768cd1dcc30fb59ddd8d0,0x03f13ee210250ffaab54d75e76886ad1bf6d1dc5,0x1e8a4540181361b826129129b8ad20c6f4cb722e,0xfacb95376f17603411988684e2da2ba93b86f520,0x9e3073b8140c91d2133d2a38800d920bdbc758a5,0xaed808a266d7a5e1b23b9e6e726a084c3e89f1cc,0xacc1b815df4ec2ee25b34a7df7156ea712471583,0x34a4701c794d49a8e8521b376e863d311a3bf2bc,0xe3654f5ce4bf1ddac85a3b549e9947daf31daf19
0xb9662cd14feb50ebcb31cbad96b25d2a8f315c40,0x8733ae28b0441c24dd5a4778eef6e812e1dee126,0xf6fb4323857f8f8db50c9e98db8c076786e2f051,0x29c775065b3287d616bec4d745bcd7f7afa8b2aa,0x4951a3bed0cb13627ae6f3e5dd95b3fa375507e9,0x4b1b1b11478ec8b6a382a408b4ac04d18f8f4c44,0x1183e0b6dc1ed59d277a8003cc3fa981230b05a8,0xe4ec45cb3f9ebdde915d543322d5eda859b26fb3,0x383661cfabc697be3d703a4bbd1eec32d8d9ba56
0x7f67412ea8325a8f9cf8dde53a7cab620fa22679,0xc26a6e17e05597275e77e71091a73ad13d5e77f2,0x5ce1308b862234a3f98c23c30cb82cb9958ce917,0x789db671958ff366cd412d93d903182b5a536770,0xba69f937283fe536e3b7ee160ff2d4f852810707,0x17a2e13a2b1df1bee5275e8edd282b0a84f5768e,0x1fa4cb318aa1ae5c3a2407f21d93cdcb374210ad,0xcceade4ff689e3f250a494a590f283a075f1cb3e,0xa51a589253392859e1a42677df5f07abd7f389d3
0xbbc7335ad60767f27cdd79a4afe656908c2aff2c,0x99fca67ff9b1bfff5f4647b0fd46bae28408f29c,0x72073e23bd6f6a13e953be7852be966ce26e96ca,0x4bdaebdd1852ad072828c1735a944191eda5c0c7,0x7362761d7c56907cb06401aa99d1e3db59246413,0xfc6b3b81698e4c295b59d9e4a598a624d9034234,0x7ed98868e7290e86372ebcbfa7b4c897aadbb52a,0x4e43e23573aab2a455e2b01d13859be23bc07015,0x2d0c4ce1934983f4da35098a318ed394631e8943
0x7353340f1a64bea9aaa83d51c2a9afe8e2a5f9b4,0x483ce630390e2b091dd3ae4836bef247f2aae05b,0x705dbf373265260be70823c52b85055335a2227f,0xe3a70c0cc7fdb211db5680c39e91ea164cd20ac1,0xbdd5396c6cff417f896a15afbbed07107cd2b71f,0x2c1760072285b6888c7a7af28da60a4de5c68f72,0xc184ec666093100cf6a779cacc2b076d7282b805,0x452cba6dd36926e5ac522c6edc35eb586b838a30,0x2e53f4225692ba913a07fc38962d37e0e7302e55
0x90f20806080b4a99d55cad3a1902106b1e187de5,0x2b78f394df253adc557482ae516326e02d34d511,0x4e41e40db35c21eedc8527bff3d2fb2dd7908658,0x8d76dca0097b2c03fb8ebed6483a577b3e79e6eb,0xf626e6137f3253322a610905d983604ed9c676b2,0x94257bdf30f57c3379c83259fcb0d93a29ce87d6,0x19e1e65e8fccfa72951325bb21a4821be07a40fc,0xa5735500777ed64c72ecc5255bcb8fb2bcf119fa,0xbf6b7065ae6b79ac1b66b6220840cdbedd21e119
0x7a11547e2823e61b6175517162797e51d86b5280,0x01203f76d09531b84e67f776a0ea72129de0fd95,0x7dd9ad37b9c8510fe83fd3007e21a5c8578a6193,0x2ceb14ffc7950083466068177b7805242b76826c,0x9a17f0270fc6822c0bf649ee9e695307bf321aef,0xa3e8437b4d5c633df42d82bace3243f7829d12f5,0x54dfff8d60a3bbe3c3ae09e3d0471e02aec4b0f6,0x4b38ac38105cb9d8b7425cb84a01aa943b068ea8,0x9342cb5c60d82dc6aebccbf31011ad5127d68387
0xce21459bc875cbeaf51233900ce81b226889efdb,0x7e22faa8d4bac8b651685f22b8831d16772c00e7,0x0a0f966cf60b3efd605342b665d84cf31b37513e,0xd298e8d3bfbe236efc128ea30f4eced02280a2a2,0xdc0fb8adbf9fe0f4007d896170fa5a065a5ed0af,0x812602c1440e5fe840e3f19c4f14faf4eb228198,0x63136dea12de3c3bab429795d3ebc37bba7cbdd2,0xea2203ac8d97665ce09b260b2a8431da8d071b92,0x13dedeb05c8bcbadb6d641d2352c6b3260f3cb49
0xee57cab90d8be52eecd2db809122e099d62b88fd,0x4c4450a66ffd025c32c25a53de4fc78cf55f6c4c,0x9c79130db1ae20061bcf9f65e0049fce1f626154,0x4dae4ef8e887706d414dafd781837ad9d82f4750,0xc594efb22bd34c610b4e8823ac2f124d25fb0ce4,0xaa60d4df9d3ca520294ea6ec303a4a216848eea9,0x538d70b2c0136e1243948976ae71c6ecf7739a5b,0xc914b9dad21750f24a84fbe42f31157eabfb836b,
0xa48ff2426e87f3e4d50ea541486fcfa1f4d28b32,0x4505dc49c74aa0499f9de565aa60aea0923c2855,0x9ac34641d405a28fcf53e00063856996c7b18179,0xbafc08347879ff736067eda90561e84cf9008dd1,0x7f647d2af214a57f8792f8f620786fe1d086f230,0x605842a82099e24a11ad36ed1940492b8536c6ba,0xd94b565a415691d871db08a7b65636685f0c7857,0x2b190064b39eeea74736a164dfb60244fea6c9ea,
0xa6f3304ea53a725a2d06a3c1db183d532e24cbdf,0xd4385ff5c7724a504ac8da03ac440dde45c29877,0x7eb9ce489b65482c6771dcc8940aa40bf3d15137,0xe77686575f1b410f396423bda64344c127068341,0xb46d1c062710898baafe6a53605cbd5df65df219,0x8e6285528c9f1c2758097055d945398300f5558c,0xe78869b453b2587fd73f2409d3e17b8161149681,0xfecfd906dba39a26cfbe664aaef9cf064e48e298,
0x37de3b6f32d628f05d78d60c74f5e6ebb50557b7,0x301b6c3329787ee3536035e0f3d698a83dc4c169,0xddb2382055986559e732ab3eb923106bdeb4edac,0x37dd517cf8ac426d109ed155de93e53e47cc2a3b,0x4376b23d11bb4302b6403b78eda6614d7aacd24e,0x711ab5aa92b2e5ac918f7822997aa2808094038e,0x710b6ab83a82ee3c28802d408765e21217dd18e4,0x6742c7742e9591e91ba47ccd950171702f472d89,
0x17cf22c26b39180e6ee73baefc4ba0c9693e923a,0xa2d712ef7a596294f9eade2f8a1cf7d5111a1014,0x890fc4914d2ee7c30cb2c2bc13d5d91939b397e5,0xb89e379e36c64d85aa6b8c4cc839d3cac525c3a1,0x3ccd8f5677cbc7be2426f2ee6354322e41be34d7,0x11367900061ad14ac8f8bad42da3d2b7eaf1abfd,0x7651f472004d19091d5440b35777327914d49bfe,,
0xcaa9e5b4cf9329d85360124c76901c695e81a9e4,0xccdb01929614f5e72e5692dea9ce7f8989610c8e,0xa69333e69d52d898680b55c0fae939bb25dc709d,0x32bf2fe0f1a482103898fffb4de86c42939e02cc,0xac11c144fbb95d456789b97b3a3da6202a6f75c0,0xf7dec56ed85311e3a5a7613340ea51aefedf0cc3,0x741573b26e0ddb70ac3ef94fddfca89dbb51a113,,
0x2dd1be8e495154682f7fbe7f71d0d30bce410c7e,0x68e8d2c44ce7771ebf84e9e5c2e04404d383b0e0,0xa6e7432e96f9bad7c68667d0e016de7ec7acfbd2,0x0a961a12db2386a633bfc2e0332f07c476607b7c,0xbd527f6bbae8375e27688908f8d149503c92ea8b,0x540ba4661ca6df909c5dfe91d79545a42dce1b75,0x2273d155bf2343891ce3ef8205d884588cd346a4,,
0x5b6d9f41de514e761a9f09df758146527b6d9279,0xab48a13c102c07d0bf9b83468787ffa2366a60a1,0x3ce250a933d4eb5f7933af08ce9f54cb8c36410d,0xd9870a902bf4138c2591962cf79f0fb1d09bf537,0x86bf49677be92153b4003fb79fc458e5dcf8edb8,,,,
0x413876d2a09885411da410a6d5abb4c30f089dbe,0xddfa69a28cb3fcd3860e50b4b2bf6c241bb0921f,0x37d805fb365ae04180bda39555b610a7a31eb07f,,,,,,
0xecc2a59684ba64f9f343c968ca89af2a434d5063,0xf63a6d6979a6f8c0fd50a77c565974f31234ef11,0xd448e3143722fc067394017084301adf3a7dff65,,,,,,
0x1b8cd2ec174abd1e1be835842071a69abf623249,0x2ff84950a016bc66bef537fe2aec121cb603f917,,,,,,,
0xd67cbebaf5b8da527a7b8ac68c460a41db232864,0x613e2240d54017878a3cee30e17ea8bd0d3c5d5e,,,,,,,
0x9ae4ce18cb32c06d6aefc8c654c38af51a4de72a,0xcf4f83bcb5407cca0f378167d0221744810251a3,,,,,,,
0x0336624d36911e914050cd110653cf8952d88d44,0xdabd9df4b4279a8d9ae0ba345bcacd6352d868bd,,,,,,,
0xc5a65ee498dee52320386df1f4a883eeaf3e572e,0x2922b5d0d62c5e76f8ea8f26e40dccbd6435aa26,,,,,,,
0x240a9580d781861a3b362fc90a79cb63a3e4dfb6,0xdef2e31e55c25be084a5c12a613a268c650ff326,,,,,,,
0xa00c666ba0cd254f749cefde3e08f7228137a3b3,0x765496a7993750392a312535303f120366fd7b45,,,,,,,
0xd5326fc771481e49d507e11b440221ffc2d8cfdd,0x333d453ad56dae7327c435abef4ab7b706cc793b,,,,,,,
0x52db1f2fe12fb8e8b2d707e530a1dc93e5937ae6,,,,,,,,
0x32cac96f0729aefbbbc3f945ffc380158c5bc8ab,,,,,,,,
0x5d79d7d8da77e6837346fed3beaea7dccee23248,,,,,,,,
0x5d271f1ca1e1bc5a9fa3d411ab4931db63bbfd57,,,,,,,,
0x48af33c842b2039be4171f2d7685083c537b014c,,,,,,,,
0x3bd4bba69d6466ad7b1ec39e5f5982e34b7c3e55,,,,,,,,
